Combo_Index,Optimizer,Hyperparameters,Best_Train_Loss,Best_Test_Loss,Best_Train_Accuracy,Best_Test_Accuracy,Wallclock_Sec
1,adamw,"{""weight_decay"": 0.5}",0.24419677486895383,0.35329421928950716,97.63173914980177,91.1545134860323,1059.4802849292755
2,adamw,"{""weight_decay"": 0.05}",0.2409404672310641,0.3526326098612377,97.78318905997119,90.59633027522936,1100.6875824928284
3,adamw,"{""weight_decay"": 0.005}",0.2409478522465518,0.3580021283456257,97.77873465084856,90.8256880733945,1048.5150463581085
4,adamw,"{""weight_decay"": 0.0005}",0.24001990643079943,0.35606055121336666,97.83070275727924,91.1697247706422,1032.8489553928375
5,adamw,"{""weight_decay"": 5e-05}",0.24061978937894318,0.3490552966083799,97.79358268125733,90.59633027522936,1061.3214769363403
6,adamw,"{""weight_decay"": 5e-06}",0.24053679257277355,0.3581608555146626,97.80546110558434,91.05504587155963,1071.3791332244873
