Wall time,Step,Value
1736110565.4029138,0,46.65399932861328
1736110711.9302628,1,66.66600036621094
1736110858.6811228,2,74.6780014038086
1736111006.5936165,3,78.5739974975586
1736111155.749202,4,80.98799896240234
1736111307.523063,5,82.76799774169922
1736111459.0356724,6,83.99800109863281
1736111611.623883,7,84.99800109863281
1736111765.3948858,8,85.70800018310547
1736111920.1501868,9,86.36399841308594
1736112077.1487036,10,86.68399810791016
1736112232.9164078,11,86.91000366210938
1736112388.5772817,12,87.26799774169922
1736112544.6947522,13,87.73600006103516
1736112700.4577684,14,88.05000305175781
1736112858.0426822,15,88.06600189208984
1736113014.0310986,16,88.48799896240234
1736113169.934649,17,88.78600311279297
1736113325.8256474,18,88.58200073242188
1736113481.943643,19,89.19400024414062
1736113639.6147585,20,89.03399658203125
1736113795.467233,21,89.3740005493164
1736113951.30929,22,89.61000061035156
1736114106.9619122,23,89.53800201416016
1736114262.709851,24,89.69400024414062
1736114420.2924736,25,89.62999725341797
1736114576.0579786,26,89.85600280761719
1736114731.7467825,27,89.5979995727539
1736114887.3578932,28,89.98600006103516
1736115042.6952007,29,89.83200073242188
1736115199.6037807,30,90.29399871826172
1736115354.887117,31,90.28399658203125
